Source,Time Since Burst (days),Flux (mJy),Error (mJy),Type,Redshift,Year,In the paper
GRB 140607A,754.6107661,0.471,0,Non-Detection,Unknown,2014,FALSE
GRB 140607A,759.6579976,0.204,0,Non-Detection,Unknown,2014,FALSE
GRB 140607A,725.8560925,0.123,0,Non-Detection,Unknown,2014,FALSE
GRB 140607A,706.8865167,0.09,0,Non-Detection,Unknown,2014,FALSE
GRB 140607A,710.0134762,0.174,0,Non-Detection,Unknown,2014,FALSE
GRB 140607A,746.7426677,0.204,0,Non-Detection,Unknown,2014,FALSE
GRB 141109B,601.6858964,0.135,0,Non-Detection,2.993,2014,FALSE
GRB 141109B,599.6650562,0.237,0,Non-Detection,2.993,2014,FALSE
GRB 141109B,560.728956,0.297,0,Non-Detection,2.993,2014,FALSE
GRB 160131A,26.85710525,0.18,0,Non-Detection,0.972,2016,FALSE
GRB 160227A,13.3628695,0.102,0,Non-Detection,2.38,2016,FALSE
GRB 160227A,8.28302175,0.114,0,Non-Detection,2.38,2016,FALSE
GRB 160227A,4.4243255,0.177,0,Non-Detection,2.38,2016,FALSE
GRB 160227A,68.33112942,0.105,0,Non-Detection,2.38,2016,FALSE
GRB 160227A,115.1356132,0.099,0,Non-Detection,2.38,2016,FALSE
GRB 160227A,118.1035247,0.183,0,Non-Detection,2.38,2016,FALSE
GRB 160313A,7.009094,0.174,0,Non-Detection,Unknown,2016,FALSE
GRB 160313A,9.92056975,0.111,0,Non-Detection,Unknown,2016,FALSE
GRB 160313A,0.866883333,0.066,0,Non-Detection,Unknown,2016,FALSE
GRB 160313A,2.8922485,0.093,0,Non-Detection,Unknown,2016,FALSE
GRB 160313A,0.0435315,0.117,0,Non-Detection,Unknown,2016,FALSE
GRB 160313A,85.6857005,0.201,0,Non-Detection,Unknown,2016,FALSE
GRB 160314A,3.252701833,0.303,0,Non-Detection,0.726,2016,FALSE
GRB 160314A,0.173025917,0.321,0,Non-Detection,0.726,2016,FALSE
GRB 160314A,1.33365675,0.12,0,Non-Detection,0.726,2016,FALSE
GRB 160314A,7.345078,0.132,0,Non-Detection,0.726,2016,FALSE
GRB 160314A,92.20039925,0.207,0,Non-Detection,0.726,2016,FALSE
GRB 160314A,10.431659,0.372,0,Non-Detection,0.726,2016,FALSE
GRB 160321A,3.081010833,0.375,0,Non-Detection,Unknown,2016,FALSE
GRB 160321A,0.042891,0.246,0,Non-Detection,Unknown,2016,FALSE
GRB 160321A,1.195897417,0.327,0,Non-Detection,Unknown,2016,FALSE
GRB 160321A,8.000870833,0.3,0,Non-Detection,Unknown,2016,FALSE
GRB 160321A,10.01965442,0.42,0,Non-Detection,Unknown,2016,FALSE
GRB 160321A,73.79746167,0.363,0,Non-Detection,Unknown,2016,FALSE
GRB 160327A,65.44794883,0.115876401,0,Non-Detection,4.99,2016,FALSE
GRB 160327A,3.557330833,0.114,0,Non-Detection,4.99,2016,FALSE
GRB 160327A,10.44749692,0.096,0,Non-Detection,4.99,2016,FALSE
GRB 160327A,8.403783417,0.096,0,Non-Detection,4.99,2016,FALSE
GRB 160327A,0.368147917,0.111,0,Non-Detection,4.99,2016,FALSE
GRB 160327A,1.55655475,0.081,0,Non-Detection,4.99,2016,FALSE
GRB 160408A,7.479613333,0.291,0,Non-Detection,Unknown,2016,FALSE
GRB 160408A,11.52202775,0.105,0,Non-Detection,Unknown,2016,FALSE
GRB 160408A,55.44273033,0.12,0,Non-Detection,Unknown,2016,FALSE
GRB 160408A,1.50777025,0.09,0,Non-Detection,Unknown,2016,FALSE
GRB 160408A,0.3450665,0.156,0,Non-Detection,Unknown,2016,FALSE
GRB 160408A,55.37959367,0.168,0,Non-Detection,Unknown,2016,FALSE
GRB 160410A,6.645261583,0.126,0,Non-Detection,1.717,2016,FALSE
GRB 160410A,4.674960667,0.21,0,Non-Detection,1.717,2016,FALSE
GRB 160410A,9.758268,0.183,0,Non-Detection,1.717,2016,FALSE
GRB 160410A,50.49519333,0.147,0,Non-Detection,1.717,2016,FALSE
GRB 160410A,12.6032535,0.192,0,Non-Detection,1.717,2016,FALSE
GRB 160417A,7.502408,0.183,0,Non-Detection,Unknown,2016,FALSE
GRB 160417A,3.486048,0.225,0,Non-Detection,Unknown,2016,FALSE
GRB 160417A,11.59605092,0.204,0,Non-Detection,Unknown,2016,FALSE
GRB 160417A,51.52684717,0.264,0,Non-Detection,Unknown,2016,FALSE
GRB 160417A,0.398319417,0.819,0,Non-Detection,Unknown,2016,FALSE
GRB 160417A,1.628201333,0.201,0,Non-Detection,Unknown,2016,FALSE
GRB 160504A,7.091407417,0.156,0,Non-Detection,Unknown,2016,FALSE
GRB 160504A,10.08806658,0.072,0,Non-Detection,Unknown,2016,FALSE
GRB 160504A,3.008837417,0.192,0,Non-Detection,Unknown,2016,FALSE
GRB 160504A,1.07627425,0.072,0,Non-Detection,Unknown,2016,FALSE
GRB 160504A,0.042734917,1.287,0,Non-Detection,Unknown,2016,FALSE
GRB 160504A,92.7928675,0.132,0,Non-Detection,Unknown,2016,FALSE
GRB 160509A,87.60557692,0.102,0,Non-Detection,1.17,2016,FALSE
GRB 160509A,16.8371995,0.15,0,Non-Detection,1.17,2016,FALSE
GRB 160509A,13.87413067,0.141,0,Non-Detection,1.17,2016,FALSE
GRB 160519A,19.57186083,0.153,0,Non-Detection,Unknown,2016,FALSE
GRB 160519A,0.346122917,0.135,0,Non-Detection,Unknown,2016,FALSE
GRB 160519A,7.4896605,0.09,0,Non-Detection,Unknown,2016,FALSE
GRB 160519A,3.605868917,0.075,0,Non-Detection,Unknown,2016,FALSE
GRB 160519A,1.488394917,0.06,0,Non-Detection,Unknown,2016,FALSE
GRB 160519A,28.40585325,0.102,0,Non-Detection,Unknown,2016,FALSE
GRB 160519A,22.42709167,0.135,0,Non-Detection,Unknown,2016,FALSE
GRB 160519A,10.48701233,0.075,0,Non-Detection,Unknown,2016,FALSE
GRB 160519A,77.32260558,0.165,0,Non-Detection,Unknown,2016,FALSE
GRB 160521A,13.45497225,0.108,0,Non-Detection,Unknown,2016,FALSE
GRB 160521A,76.32882808,0.108,0,Non-Detection,Unknown,2016,FALSE
GRB 160521A,3.471451917,0.348859603,0.032830526,Detection,Unknown,2016,FALSE
GRB 160521A,6.372533,0.12,0,Non-Detection,Unknown,2016,FALSE
GRB 160521B,13.57978933,0.165,0,Non-Detection,Unknown,2016,FALSE
GRB 160521B,77.39153875,0.225,0,Non-Detection,Unknown,2016,FALSE
GRB 160521B,6.496410917,0.12,0,Non-Detection,Unknown,2016,FALSE
GRB 160521B,3.5967355,0.196894833,0.031457145,Detection,Unknown,2016,FALSE
GRB 160525B,6.2973,0.147,0,Non-Detection,Unknown,2016,FALSE
GRB 160525B,0.166251333,0.165,0,Non-Detection,Unknown,2016,FALSE
GRB 160525B,75.15044983,0.105,0,Non-Detection,Unknown,2016,FALSE
GRB 160525B,1.276332333,0.087,0,Non-Detection,Unknown,2016,FALSE
GRB 160525B,3.276405917,0.087,0,Non-Detection,Unknown,2016,FALSE
GRB 160601A,0.163823417,0.474,0,Non-Detection,Unknown,2016,FALSE
GRB 160601A,1.336303167,0.141,0,Non-Detection,Unknown,2016,FALSE
GRB 160601A,3.336032917,0.105,0,Non-Detection,Unknown,2016,FALSE
GRB 160601A,66.15866192,0.159,0,Non-Detection,Unknown,2016,FALSE
GRB 160601A,10.33631758,0.354,0,Non-Detection,Unknown,2016,FALSE
GRB 160623A,206.35367,0.450527,0.12845,Detection,Unknown,2016,TRUE
GRB 160623A,1.93836,5.280244,0.1021,Detection,Unknown,2016,TRUE
GRB 160623A,3.9381,6.704169,0.18049,Detection,Unknown,2016,TRUE
GRB 160623A,5.89697,7.842144,0.257048,Detection,Unknown,2016,TRUE
GRB 160623A,6.85427,7.064538,0.219236,Detection,Unknown,2016,TRUE
GRB 160623A,7.89635,6.145196,0.188215,Detection,Unknown,2016,TRUE
GRB 160623A,8.89639,5.654274,0.148832,Detection,Unknown,2016,TRUE
GRB 160623A,9.87877,4.761409,0.14631,Detection,Unknown,2016,TRUE
GRB 160623A,11.89636,3.191411,0.144383,Detection,Unknown,2016,TRUE
GRB 160623A,34.8152,1.773731,0.073,Detection,Unknown,2016,TRUE
GRB 160623A,36.8137,1.5323,0.102802,Detection,Unknown,2016,TRUE
GRB 160623A,38.81379,1.464888,0.0709,Detection,Unknown,2016,TRUE
GRB 160623A,40.81386,1.154594,0.102217,Detection,Unknown,2016,TRUE
GRB 160623A,42.85515,1.365174,0.0655,Detection,Unknown,2016,TRUE
GRB 160623A,47.81225,0.971206,0.0612,Detection,Unknown,2016,TRUE
GRB 160623A,50.81426,1.030652,0.0635,Detection,Unknown,2016,TRUE
GRB 160623A,54.81338,0.7833,0.0774,Detection,Unknown,2016,TRUE
GRB 160623A,57.79307,0.682537,0.0655,Detection,Unknown,2016,TRUE
GRB 160623A,60.81362,0.708921,0.0647,Detection,Unknown,2016,TRUE
GRB 160623A,63.81288,0.674507,0.065,Detection,Unknown,2016,TRUE
GRB 160623A,66.81303,0.844893,0.137614,Detection,Unknown,2016,TRUE
GRB 160623A,74.81263,0.690375,0.0602,Detection,Unknown,2016,TRUE
GRB 160623A,78.68745,0.704192,0.0576,Detection,Unknown,2016,TRUE
GRB 160623A,82.6881,0.774,0,Non-Detection,Unknown,2016,TRUE
GRB 160623A,86.68776,0.659454,0.0598,Detection,Unknown,2016,TRUE
GRB 160623A,90.73067,0.394255,0.0556,Detection,Unknown,2016,TRUE
GRB 160623A,94.64586,0.66127,0.0609,Detection,Unknown,2016,TRUE
GRB 160623A,99.64758,0.470131,0.0324,Detection,Unknown,2016,TRUE
GRB 160623A,106.64612,0.404712,0.0868,Detection,Unknown,2016,TRUE
GRB 160623A,113.64571,0.359722,0.0317,Detection,Unknown,2016,TRUE
GRB 160623A,120.64721,0.301917,0.0286,Detection,Unknown,2016,TRUE
GRB 160623A,128.56147,0.406086,0.0328,Detection,Unknown,2016,TRUE
GRB 160623A,134.5437,0.428233,0.0459,Detection,Unknown,2016,TRUE
GRB 160623A,141.53982,0.370544,0.0275,Detection,Unknown,2016,TRUE
GRB 160623A,149.49895,0.348656,0.0259,Detection,Unknown,2016,TRUE
GRB 160623A,164.48344,0.324339,0.0296,Detection,Unknown,2016,TRUE
GRB 160623A,169.51323,0.214149,0.0367,Detection,Unknown,2016,TRUE
GRB 160623A,177.44881,0.265837,0.035,Detection,Unknown,2016,TRUE
GRB 160623A,197.39333,0.219739,0.0356,Detection,Unknown,2016,TRUE
GRB 160623A,212.33832,0.211567,0.0314,Detection,Unknown,2016,TRUE
GRB 160623A,221.31271,0.226834,0.0395,Detection,Unknown,2016,TRUE
GRB 160623A,227.29633,0.166553,0.0476,Detection,Unknown,2016,TRUE
GRB 160623A,233.3163,0.2256,0,Non-Detection,Unknown,2016,TRUE
GRB 160623A,241.27473,0.200382,0.0281,Detection,Unknown,2016,TRUE
GRB 160623A,248.2113,0.238384,0.0296,Detection,Unknown,2016,TRUE
GRB 160623A,264.23063,0.1617,0,Non-Detection,Unknown,2016,TRUE
GRB 160623A,268.24498,0.112085,0.0327,Detection,Unknown,2016,TRUE
GRB 160623A,282.11846,0.139482,0.0337,Detection,Unknown,2016,TRUE
GRB 160623A,288.17479,0.1272,0,Non-Detection,Unknown,2016,TRUE
GRB 160623A,341.99826,0.169459,0.029,Detection,Unknown,2016,TRUE
GRB 160623A,372.95448,0.1035,0,Non-Detection,Unknown,2016,TRUE
GRB 160623A,402.80954,0.514447,0.0544,Detection,Unknown,2016,TRUE
GRB 160623A,432.72694,0.333,0,Non-Detection,Unknown,2016,TRUE
GRB 160623A,464.6368,0.173928,0.0419,Detection,Unknown,2016,TRUE
GRB 160623A,495.66504,0.1842,0,Non-Detection,Unknown,2016,TRUE
GRB 160623A,525.47302,0.219401,0.035,Detection,Unknown,2016,TRUE
GRB 160623A,555.39111,0.210232,0.0344,Detection,Unknown,2016,TRUE
GRB 160623A,584.33409,0.1341,0,Non-Detection,Unknown,2016,TRUE
GRB 160623A,614.15922,0.503435,0.0666,Detection,Unknown,2016,TRUE
GRB 160623A,667.18226,0.1344,0,Non-Detection,Unknown,2016,TRUE
GRB 160623A,674.16489,0.2931,0,Non-Detection,Unknown,2016,TRUE
GRB 160623A,675.18119,0.166837,0.039,Detection,Unknown,2016,TRUE
GRB 160623A,703.0722,0.246818,0.0719,Detection,Unknown,2016,TRUE
GRB 160623A,710.89314,0.2145,0,Non-Detection,Unknown,2016,TRUE
GRB 160623A,738.98013,0.1218,0,Non-Detection,Unknown,2016,TRUE
GRB 160623A,772.96,0.17493,0.0567,Detection,Unknown,2016,TRUE
GRB 160623A,811.79189,0.1464,0,Non-Detection,Unknown,2016,TRUE
GRB 160623A,873.67975,0.239457,0.0287,Detection,Unknown,2016,TRUE
GRB 160623A,902.48871,0.0843,0,Non-Detection,Unknown,2016,TRUE
GRB 160624A,0.502736417,0.231,0,Non-Detection,0.483,2016,FALSE
GRB 160624A,4.711714417,0.138,0,Non-Detection,0.483,2016,FALSE
GRB 160624A,7.576085917,0.141,0,Non-Detection,0.483,2016,FALSE
GRB 160624A,64.48243667,0.144,0,Non-Detection,0.483,2016,FALSE
GRB 160625B,25.0957,0.257413,0.0658,Detection,1.406,2016,FALSE
GRB 160625B,12.11699,0.1362,0,Non-Detection,1.406,2016,FALSE
GRB 160625B,28.09651,0.129,0,Non-Detection,1.406,2016,FALSE
GRB 160625B,5.0454,0.2367,0,Non-Detection,1.406,2016,FALSE
GRB 160625B,6.02124,0.260283,0.0416,Detection,1.406,2016,FALSE
GRB 160625B,8.11668,0.165961,0.0336,Detection,1.406,2016,FALSE
GRB 160625B,19.09614,0.1734,0,Non-Detection,1.406,2016,FALSE
GRB 160625B,2.11695,0.58688,0.0391,Detection,1.406,2016,FALSE
GRB 160625B,22.13851,0.243,0,Non-Detection,1.406,2016,FALSE
GRB 160625B,3.06609,0.434359,0.0489,Detection,1.406,2016,FALSE
GRB 160629A,1.301261083,0.147,0,Non-Detection,3.332,2016,FALSE
GRB 160629A,2.301301,0.123,0,Non-Detection,3.332,2016,FALSE
GRB 160629A,4.259338583,0.159,0,Non-Detection,3.332,2016,FALSE
GRB 160629A,8.259294667,0.234,0,Non-Detection,3.332,2016,FALSE
GRB 160629A,11.259415,0.192,0,Non-Detection,3.332,2016,FALSE
GRB 160703A,3.493391167,0.132,0,Non-Detection,1.5,2016,FALSE
GRB 160703A,1.48293575,0.225,0,Non-Detection,1.5,2016,FALSE
GRB 160703A,0.3275,0.18,0,Non-Detection,1.5,2016,FALSE
GRB 160703A,56.36912158,0.237,0,Non-Detection,1.5,2016,FALSE
GRB 160703A,7.49355675,0.18,0,Non-Detection,1.5,2016,FALSE
GRB 160714A,1.852800583,0.3,0.021,Detection,Unknown,2016,FALSE
GRB 160714A,0.560948167,0.123,0,Non-Detection,Unknown,2016,FALSE
GRB 160714A,3.759045417,0.225,0,Non-Detection,Unknown,2016,FALSE
GRB 160714A,42.61204542,0.123,0,Non-Detection,Unknown,2016,FALSE
GRB 160714A,7.757819083,0.147,0,Non-Detection,Unknown,2016,FALSE
GRB 160801A,7.335437417,0.144,0,Non-Detection,Unknown,2016,FALSE
GRB 160801A,1.356328083,0.213,0,Non-Detection,Unknown,2016,FALSE
GRB 160801A,3.356403833,0.198,0,Non-Detection,Unknown,2016,FALSE
GRB 160801A,61.21051442,0.294,0,Non-Detection,Unknown,2016,FALSE
GRB 160804A,0.790295667,0.203062998,0.048802232,Detection,0.736,2016,FALSE
GRB 160804A,1.687486667,0.289947282,0.051976321,Detection,0.736,2016,FALSE
GRB 160804A,3.686530083,0.616056955,0.04153943,Detection,0.736,2016,FALSE
GRB 160804A,7.686005167,0.337826039,0.042169105,Detection,0.736,2016,FALSE
GRB 160804A,12.60725175,0.225433373,0.056479616,Detection,0.736,2016,FALSE
GRB 160815A,111.2295157,0.105,0,Non-Detection,Unknown,2016,FALSE
GRB 160816A,2.333209167,0.21229172,0.036657683,Detection,Unknown,2016,FALSE
GRB 160816A,1.29196325,0.153,0,Non-Detection,Unknown,2016,FALSE
GRB 160816A,17.2922515,0.216,0,Non-Detection,Unknown,2016,FALSE
GRB 160821A,7.70636,0.1422,0,Non-Detection,Unknown,2016,FALSE
GRB 160821A,3.70637,0.20492,0.0394,Detection,Unknown,2016,FALSE
GRB 160821A,0.69586,0.974973,0.0405,Detection,Unknown,2016,FALSE
GRB 160821A,1.70558,0.394488,0.0747,Detection,Unknown,2016,FALSE
GRB 160821A,40.60223,0.1227,0,Non-Detection,Unknown,2016,FALSE
GRB 160821B,44.75333517,0.081,0,Non-Detection,0.162,2016,FALSE
GRB 160821B,12.89679575,0.219,0,Non-Detection,0.162,2016,FALSE
GRB 160821B,0.91882875,0.147,0,Non-Detection,0.162,2016,FALSE
GRB 160821B,1.89324425,0.396,0,Non-Detection,0.162,2016,FALSE
GRB 160821B,3.897134917,0.114,0,Non-Detection,0.162,2016,FALSE
GRB 160824A,40.16196575,0.126,0,Non-Detection,Unknown,2016,FALSE
GRB 160824A,7.3181995,0.129,0,Non-Detection,Unknown,2016,FALSE
GRB 160824A,3.318056,0.165,0,Non-Detection,Unknown,2016,FALSE
GRB 160824A,1.302735417,0.174,0,Non-Detection,Unknown,2016,FALSE
GRB 160824A,0.1417725,0.753,0,Non-Detection,Unknown,2016,FALSE
GRB 160912A,21.12156025,0.117,0,Non-Detection,Unknown,2016,FALSE
GRB 160912A,6.207001833,0.12,0,Non-Detection,Unknown,2016,FALSE
GRB 160912A,0.0524145,0.213,0,Non-Detection,Unknown,2016,FALSE
GRB 160912A,1.143085667,0.591,0,Non-Detection,Unknown,2016,FALSE
GRB 160917A,0.170460667,0.156,0,Non-Detection,Unknown,2016,FALSE
GRB 160917A,7.396952,0.09,0,Non-Detection,Unknown,2016,FALSE
GRB 160917A,19.3134335,0.096,0,Non-Detection,Unknown,2016,FALSE
GRB 160917A,3.39625925,0.093,0,Non-Detection,Unknown,2016,FALSE
GRB 160927A,123.5769239,0.138,0,Non-Detection,Unknown,2016,FALSE
GRB 160927A,0.042344,0.168,0,Non-Detection,Unknown,2016,FALSE
GRB 160927A,1.956462083,0.111,0,Non-Detection,Unknown,2016,FALSE
GRB 160927A,0.95566,0.132,0,Non-Detection,Unknown,2016,FALSE
GRB 161007A,1.36406825,0.333,0,Non-Detection,Unknown,2016,FALSE
GRB 161007A,0.167082667,1.212,0,Non-Detection,Unknown,2016,FALSE
GRB 161007A,7.358403917,0.195,0,Non-Detection,Unknown,2016,FALSE
GRB 161007A,3.35825975,0.321,0,Non-Detection,Unknown,2016,FALSE
GRB 161011A,107.0989272,0.168,0,Non-Detection,Unknown,2016,FALSE
GRB 161011A,2.421487333,0.207,0,Non-Detection,Unknown,2016,FALSE
GRB 161011A,0.199350167,0.357,0,Non-Detection,Unknown,2016,FALSE
GRB 161011A,3.354851917,0.216,0,Non-Detection,Unknown,2016,FALSE
GRB 161011A,7.31975,0.24,0,Non-Detection,Unknown,2016,FALSE
GRB 161014A,6.333243083,0.423,0,Non-Detection,2.823,2016,FALSE
GRB 161014A,103.0749538,0.276,0,Non-Detection,2.823,2016,FALSE
GRB 161014A,0.1568415,0.435,0,Non-Detection,2.823,2016,FALSE
GRB 161014A,1.333230417,0.513,0,Non-Detection,2.823,2016,FALSE
GRB 161014A,3.333468833,0.282,0,Non-Detection,2.823,2016,FALSE
GRB 161015A,3.019798667,0.108,0,Non-Detection,Unknown,2016,FALSE
GRB 161015A,2.039835083,0.147,0,Non-Detection,Unknown,2016,FALSE
GRB 161015A,101.7165578,0.18,0,Non-Detection,Unknown,2016,FALSE
GRB 161015A,4.998399917,0.126,0,Non-Detection,Unknown,2016,FALSE
GRB 161015A,8.946956,0.09,0,Non-Detection,Unknown,2016,FALSE
GRB 161017A,0.39772,0.1572,0,Non-Detection,2.013,2016,FALSE
GRB 161017A,16.4928,0.1128,0,Non-Detection,2.013,2016,FALSE
GRB 161017A,20.45036,0.1119,0,Non-Detection,2.013,2016,FALSE
GRB 161017A,18.45582,0.1335,0,Non-Detection,2.013,2016,FALSE
GRB 161017A,10.54762,0.1578,0,Non-Detection,2.013,2016,FALSE
GRB 161017A,28.49986,0.1446,0,Non-Detection,2.013,2016,FALSE
GRB 161017A,219.95689,0.1248,0,Non-Detection,2.013,2016,FALSE
GRB 161017A,3.55945,0.1539,0,Non-Detection,2.013,2016,FALSE
GRB 161017A,7.56861,0.1614,0,Non-Detection,2.013,2016,FALSE
GRB 161017A,8.61091,0.2154,0,Non-Detection,2.013,2016,FALSE
GRB 161022A,7.20430925,0.144097953,0,Non-Detection,Unknown,2016,FALSE
GRB 161022A,99.83990075,0.280659789,0,Non-Detection,Unknown,2016,FALSE
GRB 161022A,1.15177925,0.103489777,0,Non-Detection,Unknown,2016,FALSE
GRB 161022A,0.043095833,0.160607762,0,Non-Detection,Unknown,2016,FALSE
GRB 161022A,4.115900167,0.127452611,0,Non-Detection,Unknown,2016,FALSE
GRB 161108A,82.02268125,0.123,0,Non-Detection,1.159,2016,FALSE
GRB 161108A,4.208667333,0.291,0,Non-Detection,1.159,2016,FALSE
GRB 161108A,7.22178075,0.325431285,0.034731818,Detection,1.159,2016,FALSE
GRB 161108A,1.259641917,0.267,0,Non-Detection,1.159,2016,FALSE
GRB 161108A,0.043773333,0.159,0,Non-Detection,1.159,2016,FALSE
GRB 161129A,7.38624925,0.135,0,Non-Detection,0.645,2016,FALSE
GRB 161129A,3.397002167,0.117,0,Non-Detection,0.645,2016,FALSE
GRB 161129A,56.237365,0.117,0,Non-Detection,0.645,2016,FALSE
GRB 161129A,1.423577333,0.123,0,Non-Detection,0.645,2016,FALSE
GRB 161129A,0.207554833,0.144,0,Non-Detection,0.645,2016,FALSE
GRB 161202A,2.804055833,0.151750762,0,Non-Detection,Unknown,2016,FALSE
GRB 161202A,0.96533875,0.200245683,0,Non-Detection,Unknown,2016,FALSE
GRB 161202A,54.62084575,0.151193647,0,Non-Detection,Unknown,2016,FALSE
GRB 161214B,2.039728833,0.141,0,Non-Detection,Unknown,2016,FALSE
GRB 161214B,0.042508333,0.123,0,Non-Detection,Unknown,2016,FALSE
GRB 161214B,46.94731917,0.15,0,Non-Detection,Unknown,2016,FALSE
GRB 161214B,4.034264167,0.132,0,Non-Detection,Unknown,2016,FALSE
GRB 161214B,7.026081917,0.138,0,Non-Detection,Unknown,2016,FALSE
GRB 170101A,26.25509708,0.119163909,0,Non-Detection,Unknown,2017,FALSE
GRB 170101A,4.359843083,0.120110014,0,Non-Detection,Unknown,2017,FALSE
GRB 170101A,3.35599875,0.189271056,0,Non-Detection,Unknown,2017,FALSE
GRB 170101A,6.354378333,0.164015376,0,Non-Detection,Unknown,2017,FALSE
GRB 170101A,2.235393417,0.175170731,0,Non-Detection,Unknown,2017,FALSE
GRB 170115A,7.646091333,0.09,0,Non-Detection,Unknown,2017,FALSE
GRB 170115A,0.552411333,0.651,0,Non-Detection,Unknown,2017,FALSE
GRB 170115A,1.723406167,0.084,0,Non-Detection,Unknown,2017,FALSE
GRB 170115A,2.803446583,0.093,0,Non-Detection,Unknown,2017,FALSE
GRB 170131A,5.473179833,2.725447509,0.056155738,Detection,Unknown,2017,FALSE
GRB 170131A,1.594904333,2.7940024,0.051382135,Detection,Unknown,2017,FALSE
GRB 170131A,8.543948917,2.968755702,0.049656768,Detection,Unknown,2017,FALSE
GRB 170202A,1.232760333,0.096,0,Non-Detection,3.645,2017,FALSE
GRB 170202A,0.104694917,48.6,0,Non-Detection,3.645,2017,FALSE
GRB 170202A,3.272313,0.126,0,Non-Detection,3.645,2017,FALSE
GRB 170202A,4.245341917,0.3,0,Non-Detection,3.645,2017,FALSE
GRB 170202A,6.239877167,0.15,0,Non-Detection,3.645,2017,FALSE
GRB 170203A,7.552997333,0.168,0,Non-Detection,Unknown,2017,FALSE
GRB 170203A,3.56669125,0.078,0,Non-Detection,Unknown,2017,FALSE
GRB 170203A,1.567299417,0.087,0,Non-Detection,Unknown,2017,FALSE
GRB 170203A,0.371359583,0.165,0,Non-Detection,Unknown,2017,FALSE
GRB 170206B,0.625926333,0.13518834,0,Non-Detection,Unknown,2017,FALSE
GRB 170317A,1.375739583,0.3,0,Non-Detection,Unknown,2017,FALSE
GRB 170317A,0.185,0.099,0,Non-Detection,Unknown,2017,FALSE
GRB 170317A,5.373479667,0.078,0,Non-Detection,Unknown,2017,FALSE
GRB 170317A,3.385868583,0.078,0,Non-Detection,Unknown,2017,FALSE
GRB 170317A,8.315427083,0.084,0,Non-Detection,Unknown,2017,FALSE
GRB 170318A,2.995753417,0.111,0,Non-Detection,Unknown,2017,FALSE
GRB 170318A,0.042824,0.153,0,Non-Detection,Unknown,2017,FALSE
GRB 170318B,0.610017833,0.504,0,Non-Detection,Unknown,2017,FALSE
GRB 170318B,2.661949,0.294,0,Non-Detection,Unknown,2017,FALSE
GRB 170318B,4.73924125,0.495,0,Non-Detection,Unknown,2017,FALSE
GRB 170325A,2.510673917,0.105,0,Non-Detection,Unknown,2017,FALSE
GRB 170325A,1.67926475,0.123,0,Non-Detection,Unknown,2017,FALSE
GRB 170325A,4.506248,0.117,0,Non-Detection,Unknown,2017,FALSE
GRB 170428A,0.042190833,0.111,0,Non-Detection,0.454,2017,FALSE
GRB 170428A,3.954299583,0.09,0,Non-Detection,0.454,2017,FALSE
GRB 170428A,4.919707583,0.081,0,Non-Detection,0.454,2017,FALSE
GRB 170428A,1.963224333,0.093,0,Non-Detection,0.454,2017,FALSE
GRB 170524A,0.207153667,0.144,0,Non-Detection,Unknown,2017,FALSE
GRB 170524A,1.440480667,0.222,0,Non-Detection,Unknown,2017,FALSE
GRB 170524A,3.358496833,0.114,0,Non-Detection,Unknown,2017,FALSE
GRB 170524A,7.379774083,0.129,0,Non-Detection,Unknown,2017,FALSE
GRB 170526A,0.600017,0.072,0,Non-Detection,Unknown,2017,FALSE
GRB 170526A,7.723469,0.168,0,Non-Detection,Unknown,2017,FALSE
GRB 170526A,3.72677275,0.168,0,Non-Detection,Unknown,2017,FALSE
GRB 170526A,4.768367083,0.123,0,Non-Detection,Unknown,2017,FALSE
GRB 170607A,2.3248,0.256,0.018,Detection,0.557,2017,FALSE
GRB 170607A,4.316580833,0.159,0,Non-Detection,0.557,2017,FALSE
GRB 170607A,8.275189,0.18,0,Non-Detection,0.557,2017,FALSE
GRB 170607A,0.154464417,0.0675,0,Non-Detection,0.557,2017,FALSE
GRB 170626A,0.115349,0.138,0,Non-Detection,Unknown,2017,FALSE
GRB 170626A,2.361875083,0.183,0,Non-Detection,Unknown,2017,FALSE
GRB 170626A,3.2760475,0.093,0,Non-Detection,Unknown,2017,FALSE
GRB 170626A,8.262380333,0.105,0,Non-Detection,Unknown,2017,FALSE
GRB 170705A,3.610707417,0.159,0,Non-Detection,2.01,2017,FALSE
GRB 170705A,0.44932775,0.537,0,Non-Detection,2.01,2017,FALSE
GRB 170705A,1.627948667,0.351,0.022,Detection,2.01,2017,FALSE
GRB 170705A,7.563776833,0.151,0.008,Detection,2.01,2017,FALSE
GRB 170710B,8.899055167,0.3,0,Non-Detection,Unknown,2017,FALSE
GRB 170710B,1.959376833,0.174,0,Non-Detection,Unknown,2017,FALSE
GRB 170710B,2.92307075,0.111,0,Non-Detection,Unknown,2017,FALSE
GRB 170710B,4.957783083,0.105,0,Non-Detection,Unknown,2017,FALSE
GRB 170710C,7.935976667,0.108,0,Non-Detection,Unknown,2017,FALSE
GRB 170710C,4.013036167,0.102,0,Non-Detection,Unknown,2017,FALSE
GRB 170710C,6.934553,0.09,0,Non-Detection,Unknown,2017,FALSE
GRB 170710C,10.9014725,0.117,0,Non-Detection,Unknown,2017,FALSE
GRB 170711A,8.43397075,0.18,0,Non-Detection,Unknown,2017,FALSE
GRB 170711A,4.3645535,0.108,0,Non-Detection,Unknown,2017,FALSE
GRB 170711A,1.457925,0.12,0,Non-Detection,Unknown,2017,FALSE
GRB 170711A,0.210743917,0.294,0,Non-Detection,Unknown,2017,FALSE
GRB 170714A,0.593500833,0.942,0,Non-Detection,0.793,2017,FALSE
GRB 170714A,3.757658917,0.57,0,Non-Detection,0.793,2017,FALSE
GRB 170714A,7.734962167,0.801,0,Non-Detection,0.793,2017,FALSE
GRB 170714A,5.719638583,0.759,0,Non-Detection,0.793,2017,FALSE
GRB 170728A,1.965883833,0.333,0,Non-Detection,Unknown,2017,FALSE
GRB 170728A,0.042772167,0.171,0,Non-Detection,Unknown,2017,FALSE
GRB 170728A,3.988808083,0.189,0,Non-Detection,Unknown,2017,FALSE
GRB 170728A,7.9494985,0.213,0,Non-Detection,Unknown,2017,FALSE
GRB 170728B,2.80697575,0.183,0,Non-Detection,Unknown,2017,FALSE
GRB 170728B,1.845718833,0.228,0,Non-Detection,Unknown,2017,FALSE
GRB 170728B,0.839443333,0.687,0,Non-Detection,Unknown,2017,FALSE
GRB 170728B,0.042424167,0.378,0,Non-Detection,Unknown,2017,FALSE
GRB 170810A,0.54004425,0.396,0,Non-Detection,Unknown,2017,FALSE
GRB 170810A,1.67850375,0.167,0.02,Detection,Unknown,2017,FALSE
GRB 170810A,4.671014167,0.231,0,Non-Detection,Unknown,2017,FALSE
GRB 170810A,11.70313108,0.117,0,Non-Detection,Unknown,2017,FALSE
GRB 170822A,0.043930833,0.246,0,Non-Detection,Unknown,2017,FALSE
GRB 170822A,3.958117833,0.171,0,Non-Detection,Unknown,2017,FALSE
GRB 170822A,2.960502,0.141,0,Non-Detection,Unknown,2017,FALSE
GRB 170822A,11.89956633,0.333,0,Non-Detection,Unknown,2017,FALSE
GRB 170822A,28.88432033,0.162,0,Non-Detection,Unknown,2017,FALSE
GRB 170822A,7.99152575,0.348,0,Non-Detection,Unknown,2017,FALSE
GRB 170823A,0.49129325,1.377,0,Non-Detection,Unknown,2017,FALSE
GRB 170823A,1.682380667,1.206,0,Non-Detection,Unknown,2017,FALSE
GRB 170823A,2.660947833,0.786,0,Non-Detection,Unknown,2017,FALSE
GRB 170823A,9.6619235,1.158,0,Non-Detection,Unknown,2017,FALSE
GRB 170903A,0.042429333,0.21,0,Non-Detection,0.886,2017,FALSE
GRB 170903A,1.26467125,0.132,0,Non-Detection,0.886,2017,FALSE
GRB 170903A,3.291775417,0.138,0,Non-Detection,0.886,2017,FALSE
GRB 170903A,9.134802667,0.105,0,Non-Detection,0.886,2017,FALSE
GRB 170906C,0.247945167,0.216,0,Non-Detection,Unknown,2017,FALSE
GRB 170921A,7.375791,0.183,0,Non-Detection,Unknown,2017,FALSE
GRB 170921A,5.444268417,0.132,0,Non-Detection,Unknown,2017,FALSE
GRB 170921A,0.28903,0.318,0,Non-Detection,Unknown,2017,FALSE
GRB 171004A,1.998211583,0.384,0,Non-Detection,Unknown,2017,FALSE
GRB 171004A,0.051551833,0.33,0,Non-Detection,Unknown,2017,FALSE
GRB 171004A,3.939426833,0.66,0,Non-Detection,Unknown,2017,FALSE
GRB 171004A,7.98183775,0.192,0,Non-Detection,Unknown,2017,FALSE
GRB 171007A,7.751489,0.168,0,Non-Detection,Unknown,2017,FALSE
GRB 171007A,2.807385333,0.201,0,Non-Detection,Unknown,2017,FALSE
GRB 171007A,0.035201917,0.321,0,Non-Detection,Unknown,2017,FALSE
GRB 171010a,1.433333333,2.26,0.13,Detection,Unknown,2017,FALSE
GRB 171010a,2.4325,2.52,0.14,Detection,Unknown,2017,FALSE
GRB 171010a,3.393333333,2.48,0.14,Detection,Unknown,2017,FALSE
GRB 171010a,4.393333333,2.08,0.13,Detection,Unknown,2017,FALSE
GRB 171010a,5.393333333,2.07,0.14,Detection,Unknown,2017,FALSE
GRB 171010a,8.3925,1.11,0.13,Detection,Unknown,2017,FALSE
GRB 171010a,12.35333333,0.69,0.07,Detection,Unknown,2017,FALSE
GRB 171010a,13.35333333,0.52,0.12,Detection,Unknown,2017,FALSE
GRB 171010a,14.35333333,0.7,0.09,Detection,Unknown,2017,FALSE
GRB 171010a,19.4325,0.37,0.07,Detection,Unknown,2017,FALSE
GRB 171010a,20.38333333,0.36,0.08,Detection,Unknown,2017,FALSE
GRB 171010a,22.4225,0.43,0.1,Detection,Unknown,2017,FALSE
GRB 171010a,26.33333333,0.21,0.05,Detection,Unknown,2017,FALSE
GRB 171010a,27.96666667,0.37,0.07,Detection,Unknown,2017,FALSE
GRB 171010a,29.32333333,0.25,0.07,Detection,Unknown,2017,FALSE
GRB 171010a,30.82666667,0.23,0.08,Detection,Unknown,2017,FALSE
GRB 171010a,33.58666667,0.23,0.05,Detection,Unknown,2017,FALSE
GRB 171010a,38.32333333,0.19,0.05,Detection,Unknown,2017,FALSE
GRB 171010a,46.29333333,0.17,0.04,Detection,Unknown,2017,FALSE
GRB 171010a,60.68083333,0.13,0.06,Detection,Unknown,2017,FALSE
GRB 171010a,86.23333333,0.81,0,Non-Detection,Unknown,2017,FALSE
GRB 171102B,8.965593583,0.111,0,Non-Detection,Unknown,2017,FALSE
GRB 171102B,0.042898667,0.225,0,Non-Detection,Unknown,2017,FALSE
GRB 171102B,5.018071083,0.201,0,Non-Detection,Unknown,2017,FALSE
GRB 171102B,4.036726167,0.126,0,Non-Detection,Unknown,2017,FALSE
GRB 171115A,2.839526583,0.117,0,Non-Detection,Unknown,2017,FALSE
GRB 171115A,0.83355775,0.183,0,Non-Detection,Unknown,2017,FALSE
GRB 171115A,0.036533417,0.714,0,Non-Detection,Unknown,2017,FALSE
GRB 171115A,7.807869083,0.135,0,Non-Detection,Unknown,2017,FALSE
GRB 171115A,4.821251667,0.162,0,Non-Detection,Unknown,2017,FALSE
GRB 171120A,10.73422725,0.262545389,0,Non-Detection,Unknown,2017,FALSE
GRB 171120A,6.646113917,0.21780968,0,Non-Detection,Unknown,2017,FALSE
GRB 171120A,4.7471515,0.078225508,0,Non-Detection,Unknown,2017,FALSE
GRB 171120A,1.70685225,0.097655651,0,Non-Detection,Unknown,2017,FALSE
GRB 171120A,0.553088333,0.192084809,0,Non-Detection,Unknown,2017,FALSE
GRB 171120A,8.709910667,0.082140062,0,Non-Detection,Unknown,2017,FALSE
GRB 171123A,8.707340417,0.201,0,Non-Detection,Unknown,2017,FALSE
GRB 171123A,6.768538833,0.105,0,Non-Detection,Unknown,2017,FALSE
GRB 171123A,0.5679035,0.153,0,Non-Detection,Unknown,2017,FALSE
GRB 171123A,2.76458175,0.084,0,Non-Detection,Unknown,2017,FALSE
GRB 171123A,4.725869333,0.183,0,Non-Detection,Unknown,2017,FALSE
GRB 171212A,1.087156,1.644,0,Non-Detection,Unknown,2017,FALSE
GRB 171212A,0.0428805,1.182,0,Non-Detection,Unknown,2017,FALSE
GRB 171212A,3.080313917,0.876,0,Non-Detection,Unknown,2017,FALSE
GRB 171222A,6.415059333,0.096,0,Non-Detection,2.409,2017,FALSE
GRB 171222A,2.626828333,0.192,0,Non-Detection,2.409,2017,FALSE
GRB 171222A,7.445573167,0.075,0,Non-Detection,2.409,2017,FALSE
GRB 171222A,9.427650167,0.105,0,Non-Detection,2.409,2017,FALSE
GRB 171222A,8.314721917,0.174,0,Non-Detection,2.409,2017,FALSE
GRB 180102A,7.664413083,0.288,0,Non-Detection,Unknown,2018,FALSE
GRB 180102A,10.61188883,0.156,0.021,Detection,Unknown,2018,FALSE
GRB 180102A,12.59959883,1.077,0,Non-Detection,Unknown,2018,FALSE
GRB 180102A,16.4888605,0.123,0,Non-Detection,Unknown,2018,FALSE
GRB 180102A,17.66342008,0.159,0,Non-Detection,Unknown,2018,FALSE
GRB 180102A,5.68094325,0.126,0,Non-Detection,Unknown,2018,FALSE
GRB 180102A,2.6351255,0.321,0,Non-Detection,Unknown,2018,FALSE
GRB 180102A,4.703072833,0.149,0.021,Detection,Unknown,2018,FALSE
GRB 180111A,2.403130667,0.12,0,Non-Detection,Unknown,2018,FALSE
GRB 180111A,0.231392833,0.234,0,Non-Detection,Unknown,2018,FALSE
GRB 180111A,1.40932275,0.102,0,Non-Detection,Unknown,2018,FALSE
GRB 180111A,7.325062917,0.123,0,Non-Detection,Unknown,2018,FALSE
GRB 180111A,10.25109592,0.156,0,Non-Detection,Unknown,2018,FALSE
GRB 180111A,9.34037775,0.162,0,Non-Detection,Unknown,2018,FALSE
GRB 180113A,0.44488125,0.129,0,Non-Detection,Unknown,2018,FALSE
GRB 180113A,5.570428167,0.138,0,Non-Detection,Unknown,2018,FALSE
GRB 180113A,8.684815917,0.462,0,Non-Detection,Unknown,2018,FALSE
GRB 180113A,7.63421925,0.276,0,Non-Detection,Unknown,2018,FALSE
GRB 180204A,2.512902417,0.102,0,Non-Detection,Unknown,2018,FALSE
GRB 180204A,0.43446675,0.087,0,Non-Detection,Unknown,2018,FALSE
GRB 180204A,1.446036167,0.078,0,Non-Detection,Unknown,2018,FALSE
GRB 180204A,5.48948925,0.147,0,Non-Detection,Unknown,2018,FALSE
GRB 180204A,7.458398417,0.132,0,Non-Detection,Unknown,2018,FALSE
GRB 180204A,6.39637525,0.15,0,Non-Detection,Unknown,2018,FALSE
GRB 180204A,10.45546092,0.24,0,Non-Detection,Unknown,2018,FALSE
GRB 180224A,12.25225975,0.225,0,Non-Detection,Unknown,2018,FALSE
GRB 180224A,9.277766667,0.225,0,Non-Detection,Unknown,2018,FALSE
GRB 180224A,10.2230965,0.471,0,Non-Detection,Unknown,2018,FALSE
GRB 180224A,6.122506167,2.091,0,Non-Detection,Unknown,2018,FALSE
GRB 180224A,3.256064667,0.153,0,Non-Detection,Unknown,2018,FALSE
GRB 180224A,4.114126583,0.141,0,Non-Detection,Unknown,2018,FALSE
GRB 180224A,0.04272675,0.132,0,Non-Detection,Unknown,2018,FALSE
GRB 180224A,1.115394583,0.297,0,Non-Detection,Unknown,2018,FALSE
GRB 180324A,1.578343667,0.135,0,Non-Detection,Unknown,2018,FALSE
GRB 180324A,0.335313,0.354,0,Non-Detection,Unknown,2018,FALSE
GRB 180324A,5.682045083,0.474,0,Non-Detection,Unknown,2018,FALSE
GRB 180324A,15.39191775,1.809,0,Non-Detection,Unknown,2018,FALSE
GRB 180324A,11.40560583,0.399,0,Non-Detection,Unknown,2018,FALSE
GRB 180324A,14.60171808,0.24,0,Non-Detection,Unknown,2018,FALSE
GRB 180324A,8.580705917,0.126,0,Non-Detection,Unknown,2018,FALSE
GRB 180325A,8.6788,0.304,0.018,Detection,2.25,2018,FALSE
GRB 180325A,5.72368,0.564825,0,Non-Detection,2.25,2018,FALSE
GRB 180325A,3.88462,0.1707,0,Non-Detection,2.25,2018,FALSE
GRB 180325A,1.73808,0.1518,0,Non-Detection,2.25,2018,FALSE
GRB 180325A,0.82113,0.1308,0,Non-Detection,2.25,2018,FALSE
GRB 180331B,0.189949333,0.462,0,Non-Detection,Unknown,2018,FALSE
GRB 180407A,0.608500917,0.321,0,Non-Detection,Unknown,2018,FALSE
GRB 180407A,2.531010167,1.056,0,Non-Detection,Unknown,2018,FALSE
GRB 180407A,11.507134,0.138,0,Non-Detection,Unknown,2018,FALSE
GRB 180407A,7.4861895,0.147,0,Non-Detection,Unknown,2018,FALSE
GRB 180407A,8.621278667,0.174,0,Non-Detection,Unknown,2018,FALSE
GRB 180407A,9.597772333,0.102,0,Non-Detection,Unknown,2018,FALSE
GRB 180407A,4.58857325,0.309,0,Non-Detection,Unknown,2018,FALSE
GRB 180410A,0.223434333,0.603,0,Non-Detection,Unknown,2018,FALSE
GRB 180410A,1.46101125,0.519,0,Non-Detection,Unknown,2018,FALSE
GRB 180410A,4.358628167,0.219,0,Non-Detection,Unknown,2018,FALSE
GRB 180410A,5.472938417,0.195,0,Non-Detection,Unknown,2018,FALSE
GRB 180410A,6.449436667,0.258,0,Non-Detection,Unknown,2018,FALSE
GRB 180410A,9.35087125,0.639,0,Non-Detection,Unknown,2018,FALSE
GRB 180411A,0.04249425,0.378,0,Non-Detection,Unknown,2018,FALSE
GRB 180418A,0.525078333,0.108,0,Non-Detection,Unknown,2018,FALSE
GRB 180418A,2.614403,0.072,0,Non-Detection,Unknown,2018,FALSE
GRB 180418A,4.581217833,0.072,0,Non-Detection,Unknown,2018,FALSE
GRB 180512A,12.06374217,0.516,0,Non-Detection,Unknown,2018,FALSE
GRB 180512A,10.9071925,0.264,0,Non-Detection,Unknown,2018,FALSE
GRB 180512A,0.859703417,0.171,0,Non-Detection,Unknown,2018,FALSE
GRB 180512A,0.04397775,0.414,0,Non-Detection,Unknown,2018,FALSE
GRB 180514A,0.163623,0.171,0,Non-Detection,Unknown,2018,FALSE
GRB 180602A,10.35554533,0.15,0,Non-Detection,Unknown,2018,FALSE
GRB 180602A,8.250191167,0.168,0,Non-Detection,Unknown,2018,FALSE
GRB 180602A,6.37615875,0.174,0,Non-Detection,Unknown,2018,FALSE
GRB 180602A,7.269530917,0.276,0,Non-Detection,Unknown,2018,FALSE
GRB 180602A,0.175165667,0.231,0,Non-Detection,Unknown,2018,FALSE
GRB 180602A,5.46337225,0.159,0,Non-Detection,Unknown,2018,FALSE
GRB 180602A,2.411322583,0.333,0,Non-Detection,Unknown,2018,FALSE
GRB 180614A,10.44729342,0.189,0,Non-Detection,Unknown,2018,FALSE
GRB 180614A,14.55618517,0.249,0,Non-Detection,Unknown,2018,FALSE
GRB 180614A,1.443464167,0.171,0,Non-Detection,Unknown,2018,FALSE
GRB 180614A,0.294615167,0.183,0,Non-Detection,Unknown,2018,FALSE
GRB 180614A,4.447739583,0.153,0,Non-Detection,Unknown,2018,FALSE
GRB 180618A,13.49504442,0.264,0,Non-Detection,Unknown,2018,FALSE
GRB 180618A,4.597523,0.123,0,Non-Detection,Unknown,2018,FALSE
GRB 180620A,12.81259,0.139718,0.043,Detection,Unknown,2018,FALSE
GRB 180620A,10.76333,0.275529,0.0417,Detection,Unknown,2018,FALSE
GRB 180620A,8.76532,0.0538,0.0623,Detection,Unknown,2018,FALSE
GRB 180620A,5.85593,0.270033,0.135928,Detection,Unknown,2018,FALSE
GRB 180620A,2.76786,0.183172,0.0842,Detection,Unknown,2018,FALSE
GRB 180626A,0.38565,0.867,0,Non-Detection,Unknown,2018,FALSE
GRB 180626A,4.646108917,0.589,0.042,Detection,Unknown,2018,FALSE
GRB 180704A,0.1480885,0.096,0,Non-Detection,Unknown,2018,FALSE
GRB 180704A,1.106825833,0.12,0,Non-Detection,Unknown,2018,FALSE
GRB 180704A,2.104093833,0.263,0.01,Detection,Unknown,2018,FALSE
GRB 180706A,10.17770092,0.18,0,Non-Detection,Unknown,2018,FALSE
GRB 180706A,0.184226917,0.222,0,Non-Detection,Unknown,2018,FALSE
GRB 180709A,0.04325125,0.393,0,Non-Detection,Unknown,2018,FALSE
GRB 180715A,4.047507083,0.183,0,Non-Detection,Unknown,2018,FALSE
GRB 180715A,1.047303417,0.231,0,Non-Detection,Unknown,2018,FALSE
GRB 180715A,1.9117455,0.528,0,Non-Detection,Unknown,2018,FALSE
GRB 180715A,8.0507895,0.378,0,Non-Detection,Unknown,2018,FALSE
GRB 180715A,7.910696333,0.606,0,Non-Detection,Unknown,2018,FALSE
GRB 180715A,1.983720667,0.285,0,Non-Detection,Unknown,2018,FALSE
GRB 180718A,3.95205175,0.483,0,Non-Detection,Unknown,2018,FALSE
GRB 180720B,1.773329259,1.1,0.06,Detection,Unknown,2018,FALSE
GRB 180720B,3.701662593,0.58,0.05,Detection,Unknown,2018,FALSE
GRB 180720B,5.733329259,0.34,0.04,Detection,Unknown,2018,FALSE
GRB 180720B,6.743329259,0.219,0,Non-Detection,Unknown,2018,FALSE
GRB 180720B,25.65249593,0.189,0,Non-Detection,Unknown,2018,FALSE
GRB 180818B,0.043751083,0.171,0,Non-Detection,Unknown,2018,FALSE
GRB 180823A,0.04304875,0.525,0,Non-Detection,Unknown,2018,FALSE
GRB 180904A,0.043249667,0.258,0,Non-Detection,Unknown,2018,FALSE
GRB 181002A,0.492064833,0.57,0,Non-Detection,Unknown,2018,FALSE
GRB 181023A,0.335854917,0.216,0,Non-Detection,Unknown,2018,FALSE
GRB 181027A,0.271668333,0.135,0,Non-Detection,Unknown,2018,FALSE
GRB 181103A,0.067686833,0.12,0,Non-Detection,Unknown,2018,FALSE
GRB 181123B,0.04234675,0.165,0,Non-Detection,Unknown,2018,FALSE
GRB 181123B,1.202279583,0.141,0,Non-Detection,Unknown,2018,FALSE
GRB 181123B,2.081124,0.111,0,Non-Detection,Unknown,2018,FALSE
GRB 181123B,3.081496667,0.135,0,Non-Detection,Unknown,2018,FALSE
GRB 181123B,0.26318475,0.153,0,Non-Detection,Unknown,2018,FALSE
GRB 181202A,7.4677495,0.117,0,Non-Detection,Unknown,2018,FALSE
GRB 181213A,0.043283833,0.096,0,Non-Detection,Unknown,2018,FALSE
GRB 181224A,0.3433575,0.591,0,Non-Detection,Unknown,2018,FALSE
GRB 181228A,0.609683167,0.177,0,Non-Detection,Unknown,2018,FALSE
GRB 190103B,0.24595675,0.171,0,Non-Detection,Unknown,2019,FALSE
GRB 190106A,0.04339525,0.162,0,Non-Detection,1.859,2019,FALSE
GRB 190109A,0.616457167,0.09,0,Non-Detection,Unknown,2019,FALSE
GRB 190109B,0.420411917,0.141,0,Non-Detection,Unknown,2019,FALSE
GRB 190114A,3.709726083,0.165482113,0.034760145,Detection,3.3765,2019,FALSE
GRB 190114A,6.692520083,0.166067693,0.049390258,Detection,3.3765,2019,FALSE
GRB 190114A,14.66583025,0.177,0,Non-Detection,3.3765,2019,FALSE
GRB 190114A,0.614027667,0.189,0,Non-Detection,3.3765,2019,FALSE
GRB 190114B,0.2573205,0.78,0,Non-Detection,Unknown,2019,FALSE
GRB 190123A,0.114528667,0.168,0,Non-Detection,Unknown,2019,FALSE
GRB 190202A,3.109036,0.165,0,Non-Detection,Unknown,2019,FALSE
GRB 190203A,1.179674667,0.132,0,Non-Detection,Unknown,2019,FALSE
GRB 190211A,1.432568833,0.261,0,Non-Detection,Unknown,2019,FALSE
GRB 190219A,0.27829025,0.225,0,Non-Detection,Unknown,2019,FALSE
GRB 190311A,0.339616667,0.09,0,Non-Detection,Unknown,2019,FALSE
GRB 190331A,0.610416667,0.165,0,Non-Detection,Unknown,2019,FALSE
GRB 190424A,0.322037037,0.21,0,Non-Detection,Unknown,2019,FALSE
GRB 190427A,0.184768519,0.51,0,Non-Detection,Unknown,2019,FALSE
GRB 190427A,0.913402778,0.297,0,Non-Detection,Unknown,2019,FALSE
GRB 190515A,1.5721875,0.204,0.016,Detection,Unknown,2019,FALSE
GRB 190515A,2.618738426,0.129,0,Non-Detection,Unknown,2019,FALSE
GRB 190515B,0.043090278,0.493,0.046,Detection,Unknown,2019,FALSE
GRB 190610A,0.881456167,0.426,0,Non-Detection,0.037,2019,FALSE
GRB 190610A,0.882280093,0.381,0,Non-Detection,0.037,2019,FALSE
GRB 190630B,0.416724537,2.7,0,Non-Detection,Unknown,2019,FALSE
GRB 190701A,0.043611111,0.6,0,Non-Detection,Unknown,2019,FALSE
GRB 190719C,0.04287037,0.39,0,Non-Detection,2.469,2019,FALSE
GRB 190826B,1.853935185,0.45,0,Non-Detection,Unknown,2019,FALSE
GRB 190829A,1.335300926,3.889,0.031,Detection,0.0785,2019,FALSE
GRB 190829A,2.338784722,2.928,0.022,Detection,0.0785,2019,FALSE
GRB 190829A,4.351238426,2.028,0.016,Detection,0.0785,2019,FALSE
GRB 190829A,5.331979167,1.963,0.048,Detection,0.0785,2019,FALSE
GRB 190829A,6.325798611,1.546,0.016,Detection,0.0785,2019,FALSE
GRB 190829A,7.347291667,1.556,0.03,Detection,0.0785,2019,FALSE
GRB 190829A,9.330127315,1.313,0.015,Detection,0.0785,2019,FALSE
GRB 190829A,10.36399306,1.267,0.03,Detection,0.0785,2019,FALSE
GRB 190829A,11.31900463,1.186,0.066,Detection,0.0785,2019,FALSE
GRB 190829A,12.32194444,1.174,0.033,Detection,0.0785,2019,FALSE
GRB 190829A,13.31921296,0.924,0.018,Detection,0.0785,2019,FALSE
GRB 190829A,14.31993056,0.895,0.026,Detection,0.0785,2019,FALSE
GRB 190829A,15.31376157,0.834,0.027,Detection,0.0785,2019,FALSE
GRB 190829A,16.31100694,0.768,0.018,Detection,0.0785,2019,FALSE
GRB 190829A,17.30827546,0.65,0.025,Detection,0.0785,2019,FALSE
GRB 190829A,18.30556713,0.634,0.023,Detection,0.0785,2019,FALSE
GRB 190829A,19.31456019,0.535,0.013,Detection,0.0785,2019,FALSE
GRB 190829A,20.30010417,0.643,0.009,Detection,0.0785,2019,FALSE
GRB 190829A,21.29738426,0.538,0.022,Detection,0.0785,2019,FALSE
GRB 190829A,22.30085648,0.624,0.011,Detection,0.0785,2019,FALSE
GRB 190829A,23.30018519,0.54,0.033,Detection,0.0785,2019,FALSE
GRB 190829A,24.2475,0.536,0.04,Detection,0.0785,2019,FALSE
GRB 190829A,25.33614583,0.486,0,Non-Detection,0.0785,2019,FALSE
GRB 190829A,26.2837037,0.551,0.031,Detection,0.0785,2019,FALSE
GRB 190829A,27.23930556,0.486,0.026,Detection,0.0785,2019,FALSE
GRB 190829A,28.27825231,0.41,0.01,Detection,0.0785,2019,FALSE
GRB 190829A,29.27553241,0.497,0.023,Detection,0.0785,2019,FALSE
GRB 190829A,32.30391204,0.347,0.038,Detection,0.0785,2019,FALSE
GRB 190829A,34.269375,0.253,0.038,Detection,0.0785,2019,FALSE
GRB 190829A,35.2424537,0.373,0.029,Detection,0.0785,2019,FALSE
GRB 190829A,36.25640046,0.296,0.011,Detection,0.0785,2019,FALSE
GRB 190829A,37.25368056,1.8,0,Non-Detection,0.0785,2019,FALSE
GRB 190829A,38.25094907,0.312,0.019,Detection,0.0785,2019,FALSE
GRB 190829A,39.2862037,0.314,0.009,Detection,0.0785,2019,FALSE
GRB 190829A,40.24547454,0.293,0.009,Detection,0.0785,2019,FALSE
GRB 190829A,41.2219213,0.261,0.006,Detection,0.0785,2019,FALSE
GRB 190829A,45.23599537,0.221,0.01,Detection,0.0785,2019,FALSE
GRB 190829A,53.23070602,0.284,0.015,Detection,0.0785,2019,FALSE
GRB 190829A,58.2115162,0.256,0.011,Detection,0.0785,2019,FALSE
GRB 190829A,64.18134259,0.225,0,Non-Detection,0.0785,2019,FALSE
GRB 190829A,67.18763889,0.154,0.012,Detection,0.0785,2019,FALSE
GRB 190829A,71.16707176,0.21,0.01,Detection,0.0785,2019,FALSE
GRB 190829A,73.15539352,0.249,0.019,Detection,0.0785,2019,FALSE
GRB 190829A,78.14171296,0.189,0.01,Detection,0.0785,2019,FALSE
GRB 190829A,81.13353009,0.167,0.004,Detection,0.0785,2019,FALSE
GRB 190829A,85.12261574,0.18,0.016,Detection,0.0785,2019,FALSE
GRB 190829A,88.1144213,0.234,0.04,Detection,0.0785,2019,FALSE
GRB 190829A,95.0953125,0.244,0.026,Detection,0.0785,2019,FALSE
GRB 190829A,105.0728588,0.192,0,Non-Detection,0.0785,2019,FALSE
GRB 190829A,110.0543519,0.144,0,Non-Detection,0.0785,2019,FALSE
GRB 190829A,113.0461574,0.207,0.021,Detection,0.0785,2019,FALSE
GRB 190829A,116.037963,0.165,0.02,Detection,0.0785,2019,FALSE
GRB 190829A,122.0215741,0.187,0.017,Detection,0.0785,2019,FALSE
GRB 190829A,127.0079282,0.183,0,Non-Detection,0.0785,2019,FALSE
GRB 190829A,133.9888194,0.131,0.007,Detection,0.0785,2019,FALSE
GRB 190829A,142.9642477,0.275,0.015,Detection,0.0785,2019,FALSE
GRB 190829A,147.9505787,0.213,0.018,Detection,0.0785,2019,FALSE
GRB 190829A,156.9364005,0.504,0,Non-Detection,0.0785,2019,FALSE
GRB 190829A,160.9151042,0.156,0.009,Detection,0.0785,2019,FALSE
GRB 190829A,182.8550231,0.312,0,Non-Detection,0.0785,2019,FALSE
GRB 190926A,0.451273148,0.108,0,Non-Detection,Unknown,2019,FALSE
GRB 191016A,1.968252315,0.339,0,Non-Detection,Unknown,2019,FALSE
GRB 191031D,0.763738426,0.432,0,Non-Detection,Unknown,2019,FALSE
GRB 191031D,4.703622685,0.135,0,Non-Detection,Unknown,2019,FALSE
GRB 191031D,5.693171296,0.183,0,Non-Detection,Unknown,2019,FALSE
GRB 191031D,6.868483796,0.177,0,Non-Detection,Unknown,2019,FALSE
GRB 191031D,10.80278935,0.189,0,Non-Detection,Unknown,2019,FALSE
GRB 191031D,11.64976852,0.21,0,Non-Detection,Unknown,2019,FALSE
GRB 191031D,13.6865625,0.159,0,Non-Detection,Unknown,2019,FALSE
GRB 191031D,20.64805556,0.222,0,Non-Detection,Unknown,2019,FALSE
GRB 191031D,23.62741898,0.21,0,Non-Detection,Unknown,2019,FALSE
GRB 191031D,40.69109954,0.15,0,Non-Detection,Unknown,2019,FALSE
GRB 191031D,44.61577546,0.153,0,Non-Detection,Unknown,2019,FALSE
GRB 191031D,52.53715278,0.123,0,Non-Detection,Unknown,2019,FALSE
GRB 191031D,58.61143519,0.225,0,Non-Detection,Unknown,2019,FALSE
GRB 191031D,65.48568287,0.294,0,Non-Detection,Unknown,2019,FALSE
GRB 191101A,0.503043981,0.168,0,Non-Detection,Unknown,2019,FALSE
GRB 191101A,3.587523148,0.186,0,Non-Detection,Unknown,2019,FALSE
GRB 191106A,0.074988426,0.12,0,Non-Detection,Unknown,2019,FALSE
GRB 191123A,4.012951389,0.153,0,Non-Detection,Unknown,2019,FALSE
GRB 191220A,0.042881944,0.255,0,Non-Detection,Unknown,2019,FALSE
GRB 200115A,0.393148148,0.13,0.009,Detection,Unknown,2020,FALSE
GRB 200122A,0.042523148,0.39,0,Non-Detection,Unknown,2020,FALSE
GRB 200127A,0.042951389,0.546,0,Non-Detection,Unknown,2020,FALSE
GRB 200131A,24.63599537,0.165,0,Non-Detection,Unknown,2020,FALSE
GRB 200215A,10.05570602,0.21,0,Non-Detection,Unknown,2020,FALSE
GRB 200215A,16.06840278,0.171,0,Non-Detection,Unknown,2020,FALSE
GRB 200216B,9.486585648,0.186,0,Non-Detection,Unknown,2020,FALSE
GRB 200219C,14.27555556,0.618,0.027,Detection,Unknown,2020,FALSE
GRB 200219C,24.35628472,0.507,0,Non-Detection,Unknown,2020,FALSE
GRB 200224A,1.230613426,0.165,0,Non-Detection,Unknown,2020,FALSE
GRB 200227A,0.225324074,0.792,0,Non-Detection,Unknown,2020,FALSE
GRB 200306C,0.042800926,0.147,0,Non-Detection,Unknown,2020,FALSE
GRB 210104A,73.32609954,0.285,0,Non-Detection,Unknown,2021,FALSE
GRB 210321A,0.525439815,0.177,0,Non-Detection,1.487,2021,FALSE
GRB 210321A,5.390706019,0.126,0,Non-Detection,1.487,2021,FALSE
GRB 210321A,10.33827546,0.192,0,Non-Detection,1.487,2021,FALSE
GRB 210323A,0.517465278,0.15,0,Non-Detection,Unknown,2021,FALSE
GRB 210323A,1.520231481,0.12,0,Non-Detection,Unknown,2021,FALSE
GRB 210323A,3.406724537,0.129,0,Non-Detection,Unknown,2021,FALSE
GRB 210323A,7.527372685,0.225,0,Non-Detection,Unknown,2021,FALSE
GRB 210323A,8.518993056,0.162,0,Non-Detection,Unknown,2021,FALSE
GRB 210413B,2.86400463,0.168,0,Non-Detection,Unknown,2021,FALSE
GRB 210420B,2.387592593,0.09,0,Non-Detection,1.4,2021,FALSE
GRB 210420B,9.25837963,0.199,0.017,Detection,1.4,2021,FALSE
GRB 210420B,11.25428241,0.135,0,Non-Detection,1.4,2021,FALSE
GRB 210420B,12.22524306,0.264,0.027,Detection,1.4,2021,FALSE
GRB 210420B,21.32809028,0.207,0,Non-Detection,1.4,2021,FALSE
GRB 210420B,22.24435185,0.303,0,Non-Detection,1.4,2021,FALSE
GRB 210420B,23.19034722,0.675,0,Non-Detection,1.4,2021,FALSE
GRB 210420B,25.31716435,0.156,0,Non-Detection,1.4,2021,FALSE
GRB 210420B,27.24799769,0.23,0.029,Detection,1.4,2021,FALSE
GRB 210420B,29.32287037,0.255,0,Non-Detection,1.4,2021,FALSE
GRB 210420B,34.28359954,0.177,0,Non-Detection,1.4,2021,FALSE
GRB 210420B,36.21453704,0.117,0,Non-Detection,1.4,2021,FALSE
GRB 210420B,41.15090278,0.282,0,Non-Detection,1.4,2021,FALSE
GRB 210527A,0.434768519,0.3,0,Non-Detection,Unknown,2021,FALSE
GRB 210610A,0.192094907,0.141,0,Non-Detection,3.54,2021,FALSE
GRB 210610A,1.135347222,0.135,0,Non-Detection,3.54,2021,FALSE
GRB 210610A,2.147847222,0.189,0,Non-Detection,3.54,2021,FALSE
GRB 210610A,3.185983796,0.3,0,Non-Detection,3.54,2021,FALSE
GRB 210610A,4.132002315,0.186,0,Non-Detection,3.54,2021,FALSE
GRB 210610A,5.147974537,0.213,0,Non-Detection,3.54,2021,FALSE
GRB 210610A,7.154270833,0.372,0,Non-Detection,3.54,2021,FALSE
GRB 210610A,13.13934028,0.168,0,Non-Detection,3.54,2021,FALSE
GRB 210610A,21.10982639,0.231,0,Non-Detection,3.54,2021,FALSE
GRB 210610B,0.141064815,0.252,0,Non-Detection,1.13,2021,TRUE
GRB 210610B,1.083622685,0.604,0.03,Detection,1.13,2021,TRUE
GRB 210610B,2.153738426,0.47,0.056,Detection,1.13,2021,TRUE
GRB 210610B,3.191851852,0.357,0.027,Detection,1.13,2021,TRUE
GRB 210610B,4.13787037,0.36,0.031,Detection,1.13,2021,TRUE
GRB 210610B,5.153854167,0.271,0.017,Detection,1.13,2021,TRUE
GRB 210610B,7.169166667,0.519,0,Non-Detection,1.13,2021,TRUE
GRB 210610B,12.0162963,0.142,0.013,Detection,1.13,2021,TRUE
GRB 210610B,13.15068287,0.135,0,Non-Detection,1.13,2021,TRUE
GRB 210610B,14.01637731,0.153,0,Non-Detection,1.13,2021,TRUE
GRB 210618A,0.75,0.768,0,Non-Detection,Unknown,2021,FALSE
GRB 210619B,5.431215278,0.396,0,Non-Detection,1.937,2021,FALSE
GRB 210619B,15.35387731,1.629,0,Non-Detection,1.937,2021,FALSE
GRB 210619B,21.26217593,0.18,0,Non-Detection,1.937,2021,FALSE
GRB 210619B,23.26217593,0.192,0,Non-Detection,1.937,2021,FALSE
GRB 210619B,42.2775463,0.261,0,Non-Detection,1.937,2021,FALSE
GRB 210704A,2.861828704,0.214,0.022,Detection,2.34,2021,TRUE
GRB 210704A,6.826678241,0.141,0.02,Detection,2.34,2021,TRUE
GRB 210704A,7.805416667,0.349,0.015,Detection,2.34,2021,TRUE
GRB 210704A,9.882199074,0.341,0.031,Detection,2.34,2021,TRUE
GRB 210704A,12.80833333,0.332,0.028,Detection,2.34,2021,TRUE
GRB 210704A,22.86261574,0.586,0.039,Detection,2.34,2021,TRUE
GRB 210704A,29.82204861,0.63,0.03,Detection,2.34,2021,TRUE
GRB 210704A,30.76461806,0.897,0.058,Detection,2.34,2021,TRUE
GRB 210704A,36.69834491,0.437,0.015,Detection,2.34,2021,TRUE
GRB 210704A,38.6915162,0.431,0.032,Detection,2.34,2021,TRUE
GRB 210704A,40.75530093,0.375,0.038,Detection,2.34,2021,TRUE
GRB 210704A,43.74019676,0.381,0.049,Detection,2.34,2021,TRUE
GRB 210704A,44.75765046,0.37,0.018,Detection,2.34,2021,TRUE
GRB 210704A,45.78954861,0.397,0.025,Detection,2.34,2021,TRUE
GRB 210704A,48.65859954,0.298,0.031,Detection,2.34,2021,TRUE
GRB 210704A,49.68087963,0.53,0.067,Detection,2.34,2021,TRUE
GRB 210704A,51.69825231,0.21,0,Non-Detection,2.34,2021,TRUE
GRB 210704A,55.76351852,0.322,0.032,Detection,2.34,2021,TRUE
GRB 210704A,58.649375,0.255,0,Non-Detection,2.34,2021,TRUE
GRB 210704A,62.61005787,0.275,0.018,Detection,2.34,2021,TRUE
GRB 210704A,65.64837963,0.36,0,Non-Detection,2.34,2021,TRUE
GRB 210704A,66.59706019,0.363,0.07,Detection,2.34,2021,TRUE
GRB 210704A,69.58194444,0.392,0.032,Detection,2.34,2021,TRUE
GRB 210704A,73.66243056,0.258,0,Non-Detection,2.34,2021,TRUE
GRB 210704A,76.68471065,0.287,0.036,Detection,2.34,2021,TRUE
GRB 210704A,83.64206019,0.452,0.029,Detection,2.34,2021,TRUE
GRB 210704A,89.52733796,0.258,0,Non-Detection,2.34,2021,TRUE
GRB 210704A,91.67078704,0.257,0.028,Detection,2.34,2021,TRUE
GRB 210704A,96.61763889,0.318,0,Non-Detection,2.34,2021,TRUE
GRB 210704A,101.5963657,0.18,0,Non-Detection,2.34,2021,TRUE
GRB 210704A,111.5122801,0.244,0.034,Detection,2.34,2021,TRUE
GRB 210704A,127.4706597,0.342,0,Non-Detection,2.34,2021,TRUE
GRB 210704A,133.4411227,0.144,0,Non-Detection,2.34,2021,TRUE
GRB 210704A,134.4494792,0.165,0,Non-Detection,2.34,2021,TRUE
GRB 210704A,138.480787,0.165,0.018,Detection,2.34,2021,TRUE
GRB 210704A,141.453669,0.215,0.018,Detection,2.34,2021,TRUE
GRB 210704A,163.4804167,0.255,0,Non-Detection,2.34,2021,TRUE
GRB 210704A,168.3601042,0.219,0,Non-Detection,2.34,2021,TRUE
GRB 210704A,171.3720602,0.321,0,Non-Detection,2.34,2021,TRUE
GRB 210704A,197.3827431,0.135,0,Non-Detection,2.34,2021,TRUE
GRB 210704A,203.3476273,0.2,0.025,Detection,2.34,2021,TRUE
GRB 210704A,213.3307292,0.24,0.011,Detection,2.34,2021,TRUE
GRB 210704A,222.1821759,0.096,0,Non-Detection,2.34,2021,TRUE
GRB 210706A,1.777673611,0.399,0,Non-Detection,Unknown,2021,FALSE
GRB 210706A,6.77787037,0.93,0,Non-Detection,Unknown,2021,FALSE
GRB 210706A,23.68921296,0.72,0,Non-Detection,Unknown,2021,FALSE
GRB 210706A,27.17478009,0.315,0,Non-Detection,Unknown,2021,FALSE
GRB 210708B,0.095856481,0.667,0.02,Detection,Unknown,2021,FALSE
GRB 210726A,1.783796296,0.261,0,Non-Detection,0.35,2021,FALSE
GRB 210726A,3.95375,0.201,0,Non-Detection,0.35,2021,FALSE
GRB 210726A,6.923391204,0.162,0,Non-Detection,0.35,2021,FALSE
GRB 210726A,8.942858796,0.279,0,Non-Detection,0.35,2021,FALSE
GRB 210726A,14.8766088,0.195,0,Non-Detection,0.35,2021,FALSE
GRB 210726A,24.80636574,0.181,0.023,Detection,0.35,2021,FALSE
GRB 210726A,26.81614583,0.153,0,Non-Detection,0.35,2021,FALSE
GRB 210726A,28.75256944,0.123,0,Non-Detection,0.35,2021,FALSE
GRB 210726A,31.76729167,0.156,0,Non-Detection,0.35,2021,FALSE
GRB 210726A,32.21178241,0.156,0,Non-Detection,0.35,2021,FALSE
GRB 210726A,34.76465278,0.201,0,Non-Detection,0.35,2021,FALSE
GRB 210726A,35.75976852,0.255,0,Non-Detection,0.35,2021,FALSE
GRB 210726A,38.74469907,0.099,0,Non-Detection,0.35,2021,FALSE
GRB 210726A,45.7040625,0.516,0,Non-Detection,0.35,2021,FALSE
GRB 210726A,52.70297454,0.168,0,Non-Detection,0.35,2021,FALSE
GRB 210726A,56.67612269,0.393,0,Non-Detection,0.35,2021,FALSE
GRB 210730A,0.361608796,0.246,0,Non-Detection,Unknown,2021,FALSE
GRB 210730A,4.263425926,0.753,0,Non-Detection,Unknown,2021,FALSE
GRB 210807A,2.838460648,0.222,0,Non-Detection,Unknown,2021,FALSE
GRB 210807A,5.970150463,0.3,0,Non-Detection,Unknown,2021,FALSE
GRB 210807A,6.981990741,0.291,0,Non-Detection,Unknown,2021,FALSE
GRB 210807A,9.965462963,0.609,0,Non-Detection,Unknown,2021,FALSE
GRB 210820A,2.339236111,0.225,0,Non-Detection,Unknown,2021,FALSE
GRB 210820A,5.497268519,0.657,0,Non-Detection,Unknown,2021,FALSE
GRB 210820A,7.45025463,0.408,0,Non-Detection,Unknown,2021,FALSE
GRB 210822A,2.557523148,0.42,0,Non-Detection,1.736,2021,FALSE
GRB 210822A,4.552071759,0.261,0,Non-Detection,1.736,2021,FALSE
GRB 210822A,7.502314815,0.381,0,Non-Detection,1.736,2021,FALSE
GRB 210912A,3.849861111,0.264,0,Non-Detection,Unknown,2021,FALSE
GRB 210912A,7.847939815,0.231,0,Non-Detection,Unknown,2021,FALSE
GRB 210912A,14.2687963,0.357,0,Non-Detection,Unknown,2021,FALSE
GRB 210919A,5.344201389,0.954,0,Non-Detection,0.2411,2021,FALSE
GRB 210919A,13.21295139,0.228,0,Non-Detection,0.2411,2021,FALSE
GRB 210930A,1.4546875,0.318,0,Non-Detection,Unknown,2021,FALSE
GRB 211023B,1.52775463,0.285,0,Non-Detection,0.862,2021,FALSE
GRB 211023B,10.46856481,0.213,0,Non-Detection,0.862,2021,FALSE
GRB 211023B,18.37329861,0.18,0,Non-Detection,0.862,2021,FALSE
GRB 211024B,1.471724537,0.252,0,Non-Detection,1.1137,2021,FALSE
GRB 211024B,8.3778125,0.228,0,Non-Detection,1.1137,2021,FALSE
GRB 211024B,16.34766204,0.384,0,Non-Detection,1.1137,2021,FALSE
GRB 211025A,1.229328704,0.276,0,Non-Detection,Unknown,2021,FALSE
GRB 211221A,0.109039352,0.234,0,Non-Detection,Unknown,2021,FALSE
GRB 220101A,12.43994213,0.262,0.016,Detection,4.618,2022,FALSE
GRB 220101A,14.41229167,0.237,0.019,Detection,4.618,2022,FALSE
GRB 220101A,16.39231481,0.249,0.015,Detection,4.618,2022,FALSE
GRB 220101A,19.51708333,0.173,0.023,Detection,4.618,2022,FALSE
GRB 220101A,21.50262731,0.2,0.019,Detection,4.618,2022,FALSE
GRB 220101A,23.51725694,0.232,0.043,Detection,4.618,2022,FALSE
GRB 220107A,5.28349537,0.123,0,Non-Detection,1.246,2022,FALSE
GRB 220118A,0.52193287,0.234,0,Non-Detection,Unknown,2022,FALSE
GRB 220404A,0.043148704,0.21,0,Non-Detection,Unknown,2022,FALSE
GRB 220408A,0.841890648,0.546,0,Non-Detection,Unknown,2022,FALSE
GRB 220412A,2.4641075,0.677,0.022,Detection,Unknown,2022,FALSE
GRB 220412A,14.36763759,0.624,0.007,Detection,Unknown,2022,FALSE
GRB 220412A,23.36521861,0.8,0.003,Detection,Unknown,2022,FALSE
GRB 220501A,0.682121667,0.45,0,Non-Detection,Unknown,2022,FALSE
GRB 230510A,1.748148889,0.162,0,Non-Detection,Unknown,2023,FALSE
GRB 230812B,2.052542963,0.287,0.024,Detection,0.36,2023,FALSE
GRB 230812B,3.101755926,0.147,0,Non-Detection,0.36,2023,FALSE
GRB 230818A,54.55199787,0.252,0,Non-Detection,2.42,2023,FALSE
GRB 231129A,1.465785463,0.129,0,Non-Detection,Unknown,2023,FALSE
GRB 231129A,5.535206759,0.399,0,Non-Detection,Unknown,2023,FALSE
GRB 231215A,2.507174167,0.222,0.038,Detection,2.305,2023,FALSE
GRB 231215A,15.3620237,0.561,0,Non-Detection,2.305,2023,FALSE
GRB 231215A,22.37084315,0.1478,0.0086,Detection,2.305,2023,FALSE
GRB 231215A,28.42792648,0.168,0.014,Detection,2.305,2023,FALSE
GRB 231222B,8.16124537,0.375,0,Non-Detection,Unknown,2023,FALSE
GRB 231222B,15.17746065,0.153,0,Non-Detection,Unknown,2023,FALSE
GRB 240414A,6.773274352,0.297,0,Non-Detection,Unknown,2024,FALSE
GRB 240414A,14.71759148,0.09,0,Non-Detection,Unknown,2024,FALSE
GRB 240418A,2.189805833,0.192,0,Non-Detection,Unknown,2024,FALSE
GRB 240511A,3.519141667,0.603,0.041,Detection,Unknown,2024,FALSE
GRB 240511A,4.481097685,0.474,0.032,Detection,Unknown,2024,FALSE
GRB 240529A,4.134120278,0.975,0.031,Detection,2.695,2024,TRUE
GRB 240529A,6.138367963,1.642,0.021,Detection,2.695,2024,TRUE
GRB 240529A,9.121388796,1.722,0.021,Detection,2.695,2024,TRUE
GRB 240529A,11.11612259,0.777,0.023,Detection,2.695,2024,TRUE
GRB 240529A,13.11600685,0.689,0.041,Detection,2.695,2024,TRUE
GRB 240529A,15.21376148,0.772,0.034,Detection,2.695,2024,TRUE
GRB 240529A,17.09886565,0.531,0.051,Detection,2.695,2024,TRUE
GRB 240529A,20.29269667,0.58,0.062,Detection,2.695,2024,TRUE
GRB 240529A,22.18908556,0.611,0.039,Detection,2.695,2024,TRUE
GRB 240529A,24.23209481,0.51,0.037,Detection,2.695,2024,TRUE
GRB 240529A,26.20585639,0.339,0.042,Detection,2.695,2024,TRUE
GRB 240529A,35.08017352,0.383,0.148,Detection,2.695,2024,TRUE
GRB 240529A,37.20693278,0.372,0,Non-Detection,2.695,2024,TRUE
GRB 240529A,40.07143509,0.299,0.011,Detection,2.695,2024,TRUE
GRB 240529A,100.7530902,0.327,0,Non-Detection,2.695,2024,TRUE
GRB 240619A,3.501423519,1.49,0.013,Detection,Unknown,2024,TRUE
GRB 240619A,15.47627306,0.825,0.038,Detection,Unknown,2024,TRUE
GRB 240619A,19.39332167,0.884,0.035,Detection,Unknown,2024,TRUE
GRB 240619A,22.35277769,0.657,0.028,Detection,Unknown,2024,TRUE
GRB 240619A,55.31304389,0.545,0.104,Detection,Unknown,2024,TRUE
GRB 240619A,59.45724528,0.789,0.075,Detection,Unknown,2024,TRUE
GRB 240619A,61.34304389,0.77,0.056,Detection,Unknown,2024,TRUE
GRB 240619A,63.28010407,0.588,0.075,Detection,Unknown,2024,TRUE
GRB 240730A,8.840344444,0.126,0,Non-Detection,Unknown,2024,FALSE
GRB 240730A,16.92007824,0.183,0,Non-Detection,Unknown,2024,FALSE
GRB 240730A,19.02424491,0.168,0,Non-Detection,Unknown,2024,FALSE
GRB 240809A,1.482546019,0.6,0,Non-Detection,Unknown,2024,FALSE
GRB 240910A,4.923572315,0.27,0,Non-Detection,Unknown,2024,FALSE
GRB 240910A,18.84170889,0.558,0,Non-Detection,Unknown,2024,FALSE
GRB 240912A,17.20353417,0.742,,Detection,Unknown,2024,FALSE
GRB 241002A,29.29998528,0.204,0,Non-Detection,Unknown,2024,FALSE
GRB 241024A,1.585058981,0.321,0,Non-Detection,Unknown,2024,FALSE
GRB 241030A,26.13715306,0.498,0,Non-Detection,Unknown,2024,FALSE
GRB 250101A,2.235153611,0.186,0,Non-Detection,2.49,2025,FALSE
GRB 250101A,7.207491574,0.516,0,Non-Detection,2.49,2025,FALSE
GRB 251013C,6.183774352,0.922,0.046,Detection,0.572,2025,TRUE
GRB 251013C,4.149758148,0.976,0.049,Detection,0.572,2025,TRUE
GRB 251013C,2.173218796,0.565,0.028,Detection,0.572,2025,TRUE
GRB 251013C,1.157952593,0.557,0.028,Detection,0.572,2025,TRUE
GRB 251013C,9.136783611,1.887,0.094,Detection,0.572,2025,TRUE
GRB 251013C,8.136760463,1.867,0.093,Detection,0.572,2025,TRUE
GRB 251013C,10.13614704,1.868,0.093,Detection,0.572,2025,TRUE
GRB 251013C,12.12651741,1.725,0.086,Detection,0.572,2025,TRUE
GRB 251013C,14.12520954,2.014,0.101,Detection,0.572,2025,TRUE
GRB 251013C,16.11974657,2,0.1,Detection,0.572,2025,TRUE
GRB 251013C,24.1041563,1.351,0.068,Detection,0.572,2025,TRUE
GRB 251013C,25.09240861,0.931,0.047,Detection,0.572,2025,TRUE
GRB 251013C,32.07606602,1.651,0.083,Detection,0.572,2025,TRUE
GRB 251013C,35.06510537,0.639,0.032,Detection,0.572,2025,TRUE
GRB 251013C,38.0596887,0.613,0.031,Detection,0.572,2025,TRUE
GRB 251013C,40.05076509,0.325,0.016,Detection,0.572,2025,TRUE
GRB 251013C,42.06538315,0.748,0.037,Detection,0.572,2025,TRUE
GRB 251013C,44.05092713,0.321,0.016,Detection,0.572,2025,TRUE
GRB 251013C,48.02961926,0.523,0.026,Detection,0.572,2025,TRUE
GRB 251013C,50.02275583,0.428,0.021,Detection,0.572,2025,TRUE
GRB 251013C,53.01595028,0.423,0.021,Detection,0.572,2025,TRUE
GRB 251013C,56.00985074,0.428,0.021,Detection,0.572,2025,TRUE
GRB 251013C,80.93951509,0.33,0,Non-Detection,0.572,2025,TRUE
GRB 251013C,88.91628593,0.51,0,Non-Detection,0.572,2025,TRUE
GRB 251013C,96.91861231,0.57,0,Non-Detection,0.572,2025,TRUE
GRB 251013C,108.8616679,0.618,0,Non-Detection,0.572,2025,TRUE